"","...1","decimalLatitude","decimalLongitude","bio_01","bio_02","bio_04","bio_12","bio_15","bio_18"
"1",1,1.60986,-76.109055,13.9499998092651,8.19999980926514,64.5,4797,22.3999996185303,1249.30004882812
"2",2,5.928789,-74.83953,26.25,8.69999980926514,57.7999992370605,3268.69995117188,36.7999992370605,634.799987792969
"3",3,5.89226,-74.855286,26.25,8.69999980926514,56.7000007629395,3242.89990234375,36.7999992370605,613.400024414062
"4",6,5.94466,-74.85973,23.8500003814697,8.60000038146973,48.7000007629395,3640.89990234375,35.5,719.799987792969
"5",8,5.916581,-74.816895,25.25,8.69999980926514,53.2000007629395,3212.10009765625,37.4000015258789,618.200012207031
"6",9,5.058515,-75.49142,16.0499992370605,8.19999980926514,23.2000007629395,2696.10009765625,37.9000015258789,869.299987792969
"7",12,5.922644,-74.8385,26.1499996185303,8.69999980926514,56.2999992370605,3257.10009765625,36.9000015258789,627.599975585938
"8",13,5.886597,-74.85709,25.9500007629395,8.69999980926514,57.7000007629395,3222.39990234375,37,605.400024414062
"9",15,5.9009,-74.8569,26.5499992370605,8.69999980926514,59.0999984741211,3266.69995117188,36.7000007629395,622
"10",23,3.350704,-76.509045,22.25,7.59999990463257,26.8999996185303,1363.59997558594,45.7000007629395,370.200012207031
"11",24,4.916151,-76.28924,25.4500007629395,4.69999980926514,23.3999996185303,4431.5,10.6999998092651,1230.09997558594
"12",25,3.432554,-76.514553,22.1499996185303,7.40000009536743,23.6000003814697,1240.19995117188,43.4000015258789,343.399993896484
"13",26,3.407253,-77.307772,25.25,2.5,25.6000003814697,6553.5,21,2788.30004882812
"14",28,3.449435,-76.500648,22.1499996185303,7.40000009536743,24,1240.30004882812,42.5,344.700012207031
"15",29,3.86136,-76.521769,18.4500007629395,5.90000009536743,20.2000007629395,2892.89990234375,22.8999996185303,824.099975585938
"16",30,1.598983,-76.113383,13.75,8.19999980926514,61.5999984741211,5208.39990234375,23,1348.30004882812
"17",33,5.898994,-74.74291,26.9500007629395,8.89999961853027,63.5,2726.60009765625,39.0999984741211,512.900024414062
"18",34,5.903965,-74.78467,26.3500003814697,8.80000019073486,58.7999992370605,2950.19995117188,38.2999992370605,560.099975585938
"19",35,5.909998,-74.86274,25.6499996185303,8.69999980926514,55.2999992370605,3390.89990234375,36.2000007629395,650.599975585938
"20",36,5.925588,-74.80663,25.5499992370605,8.80000019073486,54.5,3134.80004882812,37.5999984741211,608
"21",37,6.21,-75.59,20.0499992370605,9.10000038146973,19.5,2010.69995117188,33.2000007629395,582.599975585938
"22",38,6.18,-74.58,28.25,8.80000019073486,73.1999969482422,2228.19995117188,38.2000007629395,526.700012207031
"23",39,6.56,-74.79,21.8500003814697,8.60000038146973,39.0999984741211,3551.30004882812,40.7999992370605,1036.40002441406
"24",40,5.67,-75.72,17.25,8.80000019073486,22.5,3192.39990234375,29.2000007629395,716.900024414062
"25",41,6.380528,-75.034833,20.75,8.39999961853027,35.0999984741211,4044.30004882812,36.9000015258789,1159.30004882812
"26",43,6.214722,-74.811889,24.5499992370605,8.30000019073486,48.7000007629395,4029,35,1066.5
"27",44,5.05,-76.95,25.4500007629395,5.30000019073486,31.3999996185303,6553.5,9.69999980926514,1504.90002441406
"28",45,4.75,-77.3,25.6499996185303,3.40000009536743,26,6534.89990234375,22.1000003814697,1335.09997558594
"29",47,1.75,-76.07,16.4500007629395,8.30000019073486,66.1999969482422,2628.10009765625,21.6000003814697,699.900024414062
"30",49,2.5,-76.4,13.25,7.19999980926514,17.5,2479.30004882812,47.5999984741211,726.099975585938
"31",53,5.865472,-74.86919,26.1499996185303,8.69999980926514,59.2000007629395,3170.10009765625,36.7999992370605,583.799987792969
"32",56,2.435071,-76.603601,18.5499992370605,7.40000009536743,18,2268.39990234375,45.2000007629395,249.800003051758
"33",57,4.5575,-75.3277,17.25,7.30000019073486,17.8999996185303,2763,25.8999996185303,842.200012207031
"34",58,5.59168,-75.816047,17.1499996185303,8.10000038146973,22.5,2781,26.7999992370605,644.799987792969
"35",59,4.283196,-75.555137,11.4499998092651,7.90000009536743,41.9000015258789,2858.80004882812,28.2999992370605,540.099975585938
"36",60,5.935722,-74.859667,24.25,8.60000038146973,48.2000007629395,3580.69995117188,35.7000007629395,702.200012207031
"37",61,5.591205,-75.815523,16.9500007629395,8.10000038146973,21.7000007629395,2764.19995117188,26.7000007629395,642.799987792969
"38",65,5.594509,-75.818476,17.6499996185303,8,21.3999996185303,2705,26.6000003814697,628.700012207031
"39",66,3.267367,-74.276505,22.6499996185303,8,83.3000030517578,2323.30004882812,41.2000007629395,319
"40",67,4.439933,-75.42301,17.4500007629395,7.59999990463257,18,2096.5,27.5,638.400024414062
"41",68,5.572938,-75.774506,13.8500003814697,8.30000019073486,20.8999996185303,3015.39990234375,27.2000007629395,696.5
"42",73,3.270429,-74.27214,22.9500007629395,8,83,2347.30004882812,41.7000007629395,317.700012207031
"43",75,4.809665,-75.710655,19.5499992370605,6.69999980926514,16.7000007629395,3231.69995117188,31.3999996185303,1008.20001220703
"44",77,5.390017,-75.14015,17.4500007629395,9.30000019073486,36.7000007629395,3781,28.1000003814697,723
"45",80,5.075905,-75.49858,15.6499996185303,8.30000019073486,25.5,2807.80004882812,36,897
"46",82,3.25673,-74.2698,22.9500007629395,8.10000038146973,84.0999984741211,2354.30004882812,42.5,312.700012207031
"47",85,4.86815,-72.99882,22.0499992370605,7.5,89.9000015258789,4353.7001953125,63,261.600006103516
"48",87,2.186992,-77.315025,10.4499998092651,6.5,26.2999992370605,4201.89990234375,37,513.799987792969
"49",92,5.828458,-74.83286,26.25,8.89999961853027,62,2945.69995117188,38.4000015258789,527.299987792969
"50",95,5.182892,-75.51553,18.0499992370605,8.60000038146973,23.7999992370605,2961.39990234375,28.2999992370605,738
"51",98,5.80182,-72.17757,21.0499992370605,7.80000019073486,65,3178.69995117188,52.9000015258789,591.400024414062
"52",100,5.215338,-72.87114,21.25,6.40000009536743,56.5,3578.10009765625,50.5999984741211,635.700012207031
"53",101,1.261247,-76.59974,23.25,7.19999980926514,62.2000007629395,3613.69995117188,21.1000003814697,937
"54",104,3.539421,-76.604,15.75,6.5,21.7000007629395,1522.90002441406,32.2999992370605,433.100006103516
"55",105,5.61115,-75.825005,16.8500003814697,8.10000038146973,19.2999992370605,2816.39990234375,26.7999992370605,650.5
"56",106,5.05122,-75.47981,15.75,8.19999980926514,24.5,2650.80004882812,39,858.5
"57",108,5.803537,-74.8399,26.1499996185303,8.89999961853027,62.2999992370605,3022.39990234375,38.0999984741211,535.400024414062
"58",111,4.709442,-75.54968,16.0499992370605,7,19.7999992370605,3149.5,31.6000003814697,952.700012207031
"59",112,3.545418,-76.28857,21.75,7,26.2999992370605,1713.19995117188,44.2000007629395,592.900024414062
"60",115,6.154353,-74.81854,23.9500007629395,8.30000019073486,46.5999984741211,4142.89990234375,34.0999984741211,1044.80004882812
"61",116,6.578163,-75.79692,26.9500007629395,8.5,17.8999996185303,1841.90002441406,37.4000015258789,554.200012207031
"62",117,4.702929,-74.07578,14.3500003814697,8.69999980926514,17.3999996185303,926,36.4000015258789,260
"63",118,6.325941,-75.562355,20.25,8.89999961853027,17.2000007629395,2045.69995117188,34.5999984741211,595.099975585938
"64",120,2.510244,-72.82243,24.9500007629395,7,83.5,2946.69995117188,43.5999984741211,351.200012207031
"65",122,5.062753,-75.48241,15.9499998092651,8.30000019073486,25.3999996185303,2672.5,38.2000007629395,862.599975585938
"66",123,5.244679,-76.10055,16.25,5.40000009536743,18.8999996185303,4699.7998046875,14.6999998092651,1285
"67",127,4.270407,-75.74251,19.3500003814697,7.69999980926514,15,2106.5,31.5,650.5
"68",130,1.646466,-75.5134,23.8500003814697,7.69999980926514,76.5,4289.7001953125,41.9000015258789,674.200012207031
"69",131,2.343383,-76.31713,9.64999961853027,6.59999990463257,53.7000007629395,2482.60009765625,38.0999984741211,712.700012207031
"70",132,4.476849,-73.6684,16.75,7.19999980926514,41.0999984741211,5106.10009765625,50.7999992370605,953.5
"71",133,5.412742,-74.99234,19.4500007629395,9.5,49.0999984741211,3514.39990234375,35.4000015258789,595.599975585938
"72",134,6.08856,-73.81153,12.4499998092651,7.30000019073486,29.3999996185303,5249.2998046875,29.7000007629395,1554.5
"73",136,5.052872,-75.48918,15.8500003814697,8.19999980926514,24.2000007629395,2673.39990234375,38.7000007629395,865
"74",137,6.431716,-76.09113,9.55000019073486,7.30000019073486,24.8999996185303,2365.80004882812,35.2000007629395,636.299987792969
"75",139,3.325692,-74.00092,23.3500003814697,8,78.4000015258789,2871.39990234375,44.5,348.899993896484
"76",142,4.442005,-75.426834,17.8500003814697,7.59999990463257,13.5,2148.10009765625,27.2999992370605,651.299987792969
"77",145,5.841499,-74.02306,18.75,7.59999990463257,27.5,3119.39990234375,34.9000015258789,1025.19995117188
"78",146,1.137229,-77.95826,18.0499992370605,5.09999990463257,18.6000003814697,5146.2998046875,22.2000007629395,1628.5
"79",147,6.489028,-73.03876,18.25,9.5,23.1000003814697,1964.09997558594,34.9000015258789,476.799987792969
"80",155,3.51858,-76.61845,16.0499992370605,6.40000009536743,22.7000007629395,1573.30004882812,32.2999992370605,490.899993896484
"81",158,5.064686,-75.59219,21.0499992370605,7.69999980926514,24.1000003814697,2620.39990234375,27.1000003814697,801.900024414062
"82",160,4.721456,-74.13905,14.4499998092651,8.30000019073486,25.2999992370605,1020.40002441406,38.4000015258789,150.100006103516
"83",161,3.254129,-73.98299,22.25,8,81.1999969482422,3378.30004882812,46.7999992370605,397
"84",164,1.428966,-76.474785,21.8500003814697,7.69999980926514,72.0999984741211,4281,22.2000007629395,849.200012207031
"85",165,3.829627,-76.89197,25.1499996185303,4,29.6000003814697,6553.5,23.7000007629395,1516.30004882812
"86",166,6.272,-77.384,26.25,2.59999990463257,27.2000007629395,5392,33.0999984741211,761.700012207031
"87",168,4.477183,-75.21141,19.8500003814697,7.30000019073486,26.6000003814697,2217.60009765625,31.7000007629395,590.900024414062
"88",170,1.731345,-76.60716,16.1499996185303,7.40000009536743,61.2000007629395,1733.40002441406,19.7999992370605,502.899993896484
"89",172,4.606058,-74.07269,13.8500003814697,8.30000019073486,20,942.700012207031,35.2000007629395,255.5
"90",175,6.851101,-75.68298,13.9499998092651,8,23.6000003814697,4210.7001953125,40.9000015258789,1380.09997558594
"91",180,11.21101,-73.53407,26.9500007629395,3.90000009536743,60.5999984741211,2411.5,58,563.900024414062
"92",183,4.761416,-74.1027,14.4499998092651,8.60000038146973,18.5,992,37.5999984741211,287.600006103516
"93",186,4.806834,-75.68532,19.3500003814697,6.80000019073486,17.2999992370605,3307.30004882812,31.6000003814697,1025.40002441406
"94",192,6.476905,-72.97068,18.75,9.60000038146973,23.1000003814697,1784.19995117188,35.5999984741211,436.799987792969
"95",194,3.997961,-73.81412,22.25,7.80000019073486,46.2000007629395,5657.7001953125,42.0999984741211,1256.09997558594
"96",195,5.617275,-75.7824,13.1499996185303,8.39999961853027,20.5,3098.89990234375,27.7000007629395,706.400024414062
"97",197,1.497424,-76.39932,18.6499996185303,7.90000009536743,75.4000015258789,5421.2998046875,27,981.299987792969
"98",200,0.654194,-77.07381,22.25,6.80000019073486,58.2999992370605,3029.10009765625,22.3999996185303,675.799987792969
"99",203,5.667964,-75.7403,13.0500001907349,8.80000019073486,21.2999992370605,3353,29,547.299987792969
"100",207,3.489853,-76.6269,14.6499996185303,6.5,22.7999992370605,1685.19995117188,34,535.099975585938
"101",208,4.819243,-74.515335,19.8500003814697,5.69999980926514,19.2999992370605,2099,46.7000007629395,652.200012207031
"102",211,4.615681,-75.33749,11.25,7.30000019073486,20.8999996185303,3087.69995117188,25.1000003814697,932.200012207031
"103",215,4.614711,-74.31148,16.3500003814697,7,52,1523.80004882812,31.7000007629395,249.399993896484
"104",219,6.829051,-73.45469,23.6499996185303,6.59999990463257,24.5,3525.69995117188,28.1000003814697,1051.80004882812
"105",220,4.450594,-73.684875,15.6499996185303,7.19999980926514,41.4000015258789,5508.7001953125,49.9000015258789,1034.19995117188
"106",222,11.084578,-74.053024,18.0499992370605,4.80000019073486,42.9000015258789,2943.60009765625,62.2000007629395,978.900024414062
"107",226,3.881371,-76.3509,22.3500003814697,6.69999980926514,22.8999996185303,1732.30004882812,26.7999992370605,548.299987792969
"108",230,6.444264,-75.73052,25.4500007629395,8.80000019073486,22.5,1710.30004882812,36.0999984741211,517.5
"109",233,1.379714,-76.51187,20.9500007629395,7.59999990463257,68.0999984741211,3590.80004882812,18.7999992370605,896.400024414062
"110",235,5.922222,-74.25472,22.0499992370605,8.5,30.7999992370605,3684.60009765625,36.9000015258789,691.900024414062
"111",244,5.897071,-74.73751,27.0499992370605,9,63.7000007629395,2680.80004882812,39.2000007629395,503.899993896484
"112",245,6.027289,-75.14133,21.9500007629395,8.39999961853027,32.9000015258789,3623.19995117188,29.2000007629395,812.5
"113",250,5.830091,-74.31968,26.1499996185303,8.80000019073486,51.5999984741211,2695.89990234375,40,454.200012207031
"114",262,7.96369,-76.15587,25.6499996185303,7.19999980926514,27.5,2159.69995117188,45.7000007629395,329.5
"115",278,2.52222,-72.871864,25.0499992370605,6.90000009536743,84.1999969482422,2787.89990234375,43.5999984741211,331.799987792969
"116",279,3.252662,-74.26524,22.8500003814697,8.10000038146973,84.3000030517578,2401.10009765625,42.9000015258789,315.100006103516
"117",280,5.762372,-73.95963,22.3500003814697,7.90000009536743,28.7000007629395,2675.30004882812,36.0999984741211,847.799987792969
"118",286,2.440538,-76.59472,18.25,7.40000009536743,18,2278.19995117188,45.5,248.199996948242
"119",289,1.349996,-78.09442,21.6499996185303,4.09999990463257,30.2999992370605,6553.5,19.7000007629395,3004.89990234375
"120",296,5.133336,-75.499954,18.25,8.5,23.3999996185303,2778.30004882812,30.8999996185303,713
"121",297,2.483061,-72.63954,24.4500007629395,7.09999990463257,78.1999969482422,3336.89990234375,42.0999984741211,409.100006103516
"122",301,11.201847,-74.22692,26.75,1.70000004768372,49.7999992370605,1140.69995117188,71.6999969482422,349.899993896484
"123",304,6.25865,-74.70643,27.0499992370605,8.5,61.7999992370605,3271.10009765625,37,874
"124",314,5.058778,-75.47136,15.75,8.30000019073486,22.1000003814697,2655.60009765625,38.2999992370605,857.5
"125",316,5.943998,-74.98029,20.1499996185303,8.5,43.9000015258789,3871.60009765625,32.9000015258789,745.099975585938
"126",318,11.12055,-73.54341,20.1499996185303,4.80000019073486,57.4000015258789,3344,57.2000007629395,896.5
"127",322,2.947743,-75.25711,26.9500007629395,8.69999980926514,58.7999992370605,1482.30004882812,47.7999992370605,150.100006103516
"128",330,4.974848,-74.2894,19.4500007629395,6.90000009536743,36.2999992370605,1764.69995117188,39,217.399993896484
"129",331,4.911683,-75.83225,20.9500007629395,6.5,15,2534.30004882812,27.3999996185303,785.700012207031
"130",339,5.14478,-74.391914,23.75,6.40000009536743,23.2000007629395,1856.40002441406,41,553.299987792969
"131",341,2.30694,-76.25271,12.1499996185303,6.5,58.7000007629395,2369.39990234375,33.5,674.299987792969
"132",354,5.638581,-75.91784,16.9500007629395,7.30000019073486,22.3999996185303,2784.89990234375,24.2999992370605,634.599975585938
"133",364,3.261731,-74.24085,22.4500007629395,8.10000038146973,84.3000030517578,2614.89990234375,43.7000007629395,335.100006103516
"134",365,2.586013,-76.55747,17.9500007629395,7.59999990463257,24.2999992370605,2549.19995117188,45.2999992370605,271.299987792969
"135",370,1.359724,-76.476166,20.4500007629395,7.59999990463257,66.9000015258789,4402.60009765625,21.7000007629395,891.099975585938
"136",381,5.607703,-75.618065,19.25,9,20.1000003814697,2848.10009765625,27.8999996185303,650.900024414062
"137",383,4.215454,-73.81524,22.1499996185303,7.30000019073486,37.5,3219.69995117188,39.2999992370605,751.599975585938
"138",389,4.811368,-75.733246,19.8500003814697,6.69999980926514,16.7000007629395,3104.30004882812,31.2999992370605,972.400024414062
"139",394,5.43681,-74.397224,20.6499996185303,7.69999980926514,28.8999996185303,2825.5,35.0999984741211,548.799987792969
"140",396,5.88734,-74.8499,25.9500007629395,8.69999980926514,56.7000007629395,3183,37.2000007629395,597.299987792969
"141",400,5.933604,-74.81145,25.8500003814697,8.69999980926514,54,3182.19995117188,37.2999992370605,622
"142",419,3.447293,-76.543724,21.6499996185303,7.19999980926514,23.6000003814697,1307.90002441406,42.7999992370605,366.399993896484
"143",421,4.334001,-73.98637,12.9499998092651,7.19999980926514,40.7000007629395,2377.19995117188,35.7999992370605,561.400024414062
"144",426,4.297669,-73.578964,23.1499996185303,7.80000019073486,61.0999984741211,5213.89990234375,46.9000015258789,519.799987792969
"145",430,5.540212,-75.79662,9.55000019073486,8.10000038146973,20.8999996185303,3052.60009765625,26.6000003814697,716.5
"146",434,5.027823,-75.11357,17.25,8.80000019073486,25.6000003814697,2763.5,31.2000007629395,915.799987792969
"147",437,4.929857,-75.74563,18.1499996185303,6.69999980926514,18.6000003814697,3299,29.2999992370605,1030.90002441406
"148",439,4.187473,-74.50025,23.4500007629395,5.80000019073486,40,1590.5,59.5,504.799987792969
"149",440,5.068065,-75.51136,16.0499992370605,8.19999980926514,24.2999992370605,2804.69995117188,35.7000007629395,895.5
"150",441,1.920964,-76.42135,16.75,7,67.0999984741211,1405.80004882812,22.7999992370605,402.200012207031
"151",447,3.535986,-76.61609,16.0499992370605,6.5,24,1526.59997558594,31.7000007629395,434.600006103516
"152",449,4.292038,-73.57043,24.0499992370605,7.80000019073486,64.3000030517578,5082.60009765625,47,504.399993896484
"153",453,4.72852,-75.57794,17.25,7,21.3999996185303,3138.80004882812,32.5999984741211,959.099975585938
"154",473,1.615856,-76.10245,15.0500001907349,8.19999980926514,64.4000015258789,4738.89990234375,22.5,1239.19995117188
"155",474,4.858943,-73.26577,22.6499996185303,7.59999990463257,70.3000030517578,4255.7998046875,53.7000007629395,366.100006103516
"156",476,3.454752,-76.664406,15.9499998092651,6.30000019073486,23.8999996185303,2156.5,31.2999992370605,672.099975585938
"157",495,5.658897,-74.00822,23.75,8.30000019073486,32,2261.30004882812,36.0999984741211,707.900024414062
"158",505,3.944742,-76.492004,17.1499996185303,5.80000019073486,21.8999996185303,3263.80004882812,21.8999996185303,937.5
"159",520,4.687313,-74.13619,14.4499998092651,8.30000019073486,25.7999992370605,989.200012207031,37.9000015258789,149.300003051758
"160",544,5.586597,-75.79986,15.8500003814697,8.19999980926514,21,2886.19995117188,27,667.900024414062
"161",567,1.407439,-76.49872,19.5499992370605,7.59999990463257,70.9000015258789,3965.39990234375,20.2999992370605,823.599975585938
"162",574,6.046717,-74.80934,25.9500007629395,8.60000038146973,53,3640.39990234375,34.7999992370605,811.200012207031
"163",586,5.019122,-73.99983,14.25,9.30000019073486,31.7999992370605,1342,35,375.600006103516
"164",590,4.426984,-75.18322,22.75,7.40000009536743,33.5999984741211,2067.30004882812,33.2999992370605,564.799987792969
"165",594,5.833,-74.867,25.8500003814697,8.80000019073486,60.7999992370605,3061,37.2999992370605,549.900024414062
"166",599,1.701924,-76.62037,16.1499996185303,7.40000009536743,61.0999984741211,1963.5,17.8999996185303,564.900024414062
"167",614,5.567856,-75.818058,14.75,8,20.6000003814697,2716.80004882812,26.2999992370605,636.900024414062
"168",621,4.712133,-74.213361,14.5500001907349,7.80000019073486,51.5999984741211,1251,36.9000015258789,179.899993896484
"169",622,3.868893,-73.663597,24.9500007629395,8.5,79.3000030517578,5131.7998046875,53.5999984741211,420
"170",623,3.009013,-76.486305,22.25,7.80000019073486,22.5,1997.59997558594,40.2999992370605,548.299987792969
"171",626,5.420681,-75.702542,17.5499992370605,8.39999961853027,20.8999996185303,3355.19995117188,27.2999992370605,787.200012207031
"172",630,5.881871,-74.852007,25.9500007629395,8.69999980926514,58.0999984741211,3188.60009765625,37.0999984741211,595
"173",632,2.948039,-75.305344,27.75,8.69999980926514,61.2999992370605,1420.5,50.0999984741211,132
"174",633,3.65,-75.45,26.75,8.39999961853027,74.5,2199.19995117188,43.7000007629395,265.700012207031
"175",634,3.25,-76.583333,22.5499992370605,7.5,24.1000003814697,1768.80004882812,44.7999992370605,487.5
"176",639,3.788638,-67.815128,25.4500007629395,6.69999980926514,53.4000015258789,3336.5,51.5,356.899993896484
"177",640,-1.207243,-72.941445,24.8500003814697,7,54.5999984741211,3321,19.7999992370605,700.700012207031
"178",641,4.579653,-74.29698,15.5500001907349,7.19999980926514,56,1505.90002441406,29.6000003814697,267.899993896484
"179",646,5.062975,-75.502769,16.1499996185303,8.19999980926514,25.3999996185303,2748.30004882812,37,882.900024414062
"180",648,5.608492,-74.944983,24.5499992370605,9.30000019073486,66.9000015258789,3036,36,616
"181",649,5.021725,-75.396208,12.8500003814697,8.30000019073486,22.5,2999.30004882812,36,966.900024414062
"182",651,5.054239,-75.506814,16.75,8.10000038146973,24.2999992370605,2689.89990234375,37.7000007629395,867
"183",652,4.9825,-75.605261,20.0499992370605,7.40000009536743,22.5,2876.80004882812,26.7999992370605,877
"184",654,5.874532,-74.858557,26.1499996185303,8.69999980926514,60.2000007629395,3178,37,589.299987792969
"185",655,5.763946,-73.956326,20.5499992370605,7.90000009536743,29.1000003814697,2688.5,36.2999992370605,849
"186",658,2.176389,-71.182778,24.75,7,61.4000015258789,2865.60009765625,33.2999992370605,449.5
"187",659,7.425278,-72.443889,12.9499998092651,7.19999980926514,40,2524.80004882812,39.7999992370605,647.599975585938
"188",684,1.616944,-76.100278,15.25,8.19999980926514,64.3000030517578,4552.2998046875,22.2000007629395,1193.30004882812
"189",691,6.4166,-72.45,12.5500001907349,9.5,27.1000003814697,2033.30004882812,41.2999992370605,648.400024414062
"190",692,5.880144,-74.841717,25.75,8.80000019073486,56.4000015258789,3127.19995117188,37.5999984741211,582.099975585938
"191",697,6.247638,-75.565815,19.9500007629395,9,18.2999992370605,1731.80004882812,34.0999984741211,503.200012207031
"192",701,1.3,-78.083333,17.8500003814697,4.09999990463257,28.7000007629395,6553.5,19.5,2944
"193",702,1.566667,-76.95,13.3500003814697,7.59999990463257,22.8999996185303,1863,49,538.599975585938
"194",703,1.533333,-76.933333,9.75,7.5,33.7999992370605,1977.90002441406,43,565.099975585938
"195",704,1.45,-76.933333,8.94999980926514,7.30000019073486,45.9000015258789,1991,29.7000007629395,558.5
"196",705,1.223861,-77.333531,9.35000038146973,7.5,25.6000003814697,2141.39990234375,37.7999992370605,682
"197",706,1.703028,-77.049139,14.75,8,36.4000015258789,2491.5,52.2999992370605,212.899993896484
"198",707,1.45,-78.016667,23.3500003814697,4.30000019073486,32.7999992370605,6131.5,18.3999996185303,1882
"199",711,1.633001,-76.10269,15.3500003814697,8.19999980926514,65.1999969482422,4381.7001953125,22,1150.80004882812
"200",717,6.091825,-75.63565,18.3500003814697,9.10000038146973,19.2999992370605,3008.69995117188,33.0999984741211,626
"201",722,-0.686975,-72.44899,24.3500003814697,6.59999990463257,54.7999992370605,3499.30004882812,22.5,720
"202",726,3.346069,-74.00305,23.9500007629395,8,78.4000015258789,2770.39990234375,44.2999992370605,337.200012207031
"203",728,2.478341,-76.56013,17.9500007629395,7.5,21.7999992370605,2277,46.5,238.600006103516
"204",740,6.21598,-74.95061,22.0499992370605,7.90000009536743,39.7000007629395,4417.2998046875,33.0999984741211,1158.80004882812
"205",745,1.951226,-76.45476,15.3500003814697,6.90000009536743,64.1999969482422,1474.09997558594,28.3999996185303,456.399993896484
"206",746,1.553806,-75.52726,25.3500003814697,7.69999980926514,82.6999969482422,3832.60009765625,41.5999984741211,620.799987792969
"207",751,1.720002,-76.60363,16.4500007629395,7.40000009536743,62.5,1774.09997558594,18.7000007629395,506.899993896484
"208",752,6.083267,-73.83311,12.75,7.19999980926514,27.5,5393,29.7999992370605,1704.59997558594
"209",755,2.351251,-76.318504,9.75,6.59999990463257,52.7000007629395,2467.30004882812,38.2000007629395,709.200012207031
"210",769,5.977074,-74.91147,23.9500007629395,8.5,49,3805.89990234375,33.7000007629395,769.5
"211",771,3.458053,-76.46253,22.1499996185303,7.40000009536743,23,1254.59997558594,40.4000015258789,351.799987792969
"212",777,1.427271,-76.4792,21.75,7.69999980926514,72,4130,21.5,831.099975585938
"213",779,6.492045,-73.22175,20.1499996185303,8.80000019073486,21.7999992370605,2192.69995117188,29.6000003814697,664.200012207031
"214",782,4.694559,-75.57515,15.5500001907349,7,20.5,3284.30004882812,31.6000003814697,995.5
"215",783,6.978024,-73.4479,20.75,6.40000009536743,29,3035.69995117188,31.6000003814697,843.700012207031
"216",789,1.720132,-76.11933,18.25,8.19999980926514,70.0999984741211,2758.39990234375,20.1000003814697,542.099975585938
"217",790,2.569236,-72.88565,24.9500007629395,6.90000009536743,84.3000030517578,2949.60009765625,43.7999992370605,348.700012207031
"218",792,2.155138,-73.68354,24.8500003814697,7.09999990463257,87.8000030517578,2585.5,46.0999984741211,320.399993896484
"219",793,1.251783,-76.56739,24.0499992370605,7.30000019073486,61.5999984741211,3381.60009765625,20.3999996185303,874.200012207031
"220",794,1.438398,-76.47666,21.6499996185303,7.69999980926514,71.6999969482422,4119,21.2000007629395,833
"221",796,2.544093,-72.8344,25.0499992370605,7,84.3000030517578,3075.19995117188,43.5999984741211,365.299987792969
"222",803,4.02774,-74.73323,24.75,7.19999980926514,31.2000007629395,2631.10009765625,43.7999992370605,608
"223",808,1.151707,-76.29527,24.25,7.30000019073486,68.5,6135.60009765625,28.2999992370605,1211.90002441406
"224",809,6.196459,-74.93049,21.6499996185303,8,40.7000007629395,4479,33,1159.19995117188
"225",814,4.33367,-75.82608,21.5499992370605,7.19999980926514,15.5,2227.10009765625,32.5999984741211,711.099975585938
"226",815,6.070074,-73.86237,12.3500003814697,7.19999980926514,29.2000007629395,5039.89990234375,30.5,1615.40002441406
"227",816,3.44394,-76.5407,21.8500003814697,7.30000019073486,23.6000003814697,1284.5,43,358.799987792969
"228",820,5.651824,-74.07126,23.6499996185303,8.10000038146973,34.7999992370605,2827.19995117188,35.2999992370605,898.599975585938
"229",822,5.36369,-75.79639,14.8500003814697,7.80000019073486,18.8999996185303,3738.60009765625,26.8999996185303,895.900024414062
"230",823,3.166751,-74.94643,19.3500003814697,8.30000019073486,46.5,2109.30004882812,49.9000015258789,516.5
"231",833,5.583666,-74.93199,23.9500007629395,9.39999961853027,67.5999984741211,3013.60009765625,36.5999984741211,602.299987792969
"232",835,5.567935,-74.911835,24.8500003814697,9.5,69.9000015258789,2903.69995117188,37,574.099975585938
"233",843,3.346703,-76.65247,14.4499998092651,6.80000019073486,23.1000003814697,2575.10009765625,34.9000015258789,819.5
"234",861,4.645762,-75.58247,17.75,7.09999990463257,18.6000003814697,2987.19995117188,30,892.900024414062
"235",878,1.258574,-76.5699,23.8500003814697,7.30000019073486,61.5999984741211,3295.60009765625,20.2999992370605,852.200012207031
"236",882,1.148988,-76.289116,24.5499992370605,7.19999980926514,68.9000015258789,5900.60009765625,28.3999996185303,1162.30004882812
"237",886,11.100182,-74.07206,15.5500001907349,4.40000009536743,40.5999984741211,2891.89990234375,63.0999984741211,957.599975585938
"238",888,6.139831,-73.73932,18.75,7.19999980926514,27.5,3614.60009765625,31.6000003814697,1059.80004882812
"239",898,4.872879,-73.006485,24.0499992370605,7.5,104.699996948242,4054.69995117188,62.5,247.899993896484
"240",905,2.355014,-76.49385,15.0500001907349,7.09999990463257,18.8999996185303,2355.60009765625,45.7999992370605,474.5
"241",906,1.285998,-78.07438,18.0499992370605,4.09999990463257,28.7000007629395,6553.5,19.3999996185303,2791.30004882812
"242",910,3.431726,-76.539986,22.1499996185303,7.30000019073486,23.2000007629395,1277.19995117188,43.7999992370605,355.200012207031
"243",914,1.286665,-78.086334,19.3500003814697,4.09999990463257,29,6553.5,19.3999996185303,2769.10009765625
"244",915,1.734325,-76.57742,16.3500003814697,7.40000009536743,66.3000030517578,1635.40002441406,19.1000003814697,472.799987792969
"245",919,1.364418,-76.22476,16.6499996185303,7.80000019073486,63.7000007629395,6553.5,25.7000007629395,1884.59997558594
"246",930,2.577181,-72.6306,25.1499996185303,7.09999990463257,81.5,2829.19995117188,42.7000007629395,341.200012207031
"247",932,6.206216,-74.755486,27.0499992370605,8.5,60.2999992370605,3562,35.7999992370605,931.5
"248",944,6.469401,-73.26267,21.75,8.69999980926514,21.2000007629395,2002.90002441406,29.2999992370605,605.400024414062
"249",949,2.502021,-72.79902,24.9500007629395,7,80.8000030517578,3049.80004882812,43.5,364.100006103516
"250",959,4.586554,-75.36702,9.55000019073486,7.40000009536743,22.5,3046.60009765625,25.2000007629395,911.400024414062
"251",963,1.72819,-76.56743,16.0499992370605,7.40000009536743,69.5999984741211,1669.69995117188,17.7000007629395,474.299987792969
"252",966,3.66409,-75.459305,26.0499992370605,8.30000019073486,69.3000030517578,2316.5,42.9000015258789,284.600006103516
"253",989,5.378972,-75.167564,15.9499998092651,9.19999980926514,32.9000015258789,3904.39990234375,26.3999996185303,781.5
"254",1000,6.60662,-73.05761,19.3500003814697,8.89999961853027,22.7000007629395,1899.80004882812,37.2000007629395,439.200012207031
"255",1018,6.004456,-75.15066,22.25,8.5,31.3999996185303,3820.89990234375,28.2000007629395,864.200012207031
"256",1020,3.388339,-76.60823,19.1499996185303,7,23.6000003814697,1742.90002441406,41.2999992370605,496.600006103516
"257",1023,5.893101,-74.78138,26.3500003814697,8.89999961853027,58.9000015258789,2893.5,38.5,545.299987792969
"258",1035,2.221737,-76.496496,11.5500001907349,6.90000009536743,34.5,2103.80004882812,43.5999984741211,581.799987792969
"259",1036,2.451994,-76.810288,17.5499992370605,7,16.6000003814697,3658.5,39.5999984741211,1040.59997558594
"260",1062,3.549819,-76.60318,15.75,6.5,22.1000003814697,1527.19995117188,31.6000003814697,433
"261",1080,5.834214,-74.83448,25.9500007629395,8.80000019073486,61,2993.89990234375,38.0999984741211,539.099975585938
"262",1086,4.533688,-75.67962,19.75,7.30000019073486,18.5,2597.5,33.2000007629395,719.700012207031
"263",1093,5.830262,-74.31596,26.0499992370605,8.69999980926514,49.0999984741211,2741,39.9000015258789,462.899993896484
"264",1096,2.449163,-76.59167,18.25,7.40000009536743,19.5,2261.60009765625,45.7000007629395,244.5
"265",1097,5.079625,-75.176346,15.6499996185303,8.80000019073486,21,3101.10009765625,27.8999996185303,1007.20001220703
"266",1101,6.111452,-73.22767,18.0499992370605,10,18,2914.60009765625,29.3999996185303,905.200012207031
"267",1102,5.005812,-72.70327,25.25,7.19999980926514,117.199996948242,4079.69995117188,63.5999984741211,239.899993896484
"268",1103,6.852191,-73.37682,17.6499996185303,6.80000019073486,26.6000003814697,2671.19995117188,28.5,821.400024414062
"269",1104,3.92936,-76.17392,15.5500001907349,7.40000009536743,20.6000003814697,3604.30004882812,29,1158.80004882812
"270",1112,3.532399,-76.612206,15.6499996185303,6.5,22.8999996185303,1533.09997558594,32.2999992370605,437.799987792969
"271",1115,1.851885,-76.04676,20.0499992370605,8.19999980926514,67.6999969482422,1631,21.6000003814697,333.399993896484
"272",1123,4.665875,-74.11446,14.3500003814697,8.39999961853027,18.8999996185303,933.799987792969,37.5,147.800003051758
"273",1133,3.352789,-73.93957,24.6499996185303,8.19999980926514,83.5,2935.60009765625,45.2000007629395,349.700012207031
"274",1140,3.4518,-76.54232,21.5499992370605,7.19999980926514,23.5,1311.5,42.4000015258789,368.200012207031
"275",1143,3.851538,-73.89709,17.4500007629395,7.19999980926514,46.5,6553.5,42.5999984741211,1448.69995117188
"276",1155,5.827311,-74.83373,26.0499992370605,8.89999961853027,60.2000007629395,2986.30004882812,38.2000007629395,535
"277",1156,2.189186,-76.08599,16.8500003814697,7.30000019073486,63.2000007629395,1744.90002441406,28.6000003814697,544.400024414062
"278",1168,6.988775,-75.120224,17.25,8,31.7999992370605,4056.60009765625,43.5,1383.69995117188
"279",1189,5.819495,-74.84516,24.9500007629395,8.89999961853027,56,3070.5,37.9000015258789,548.400024414062
"280",1210,1.896077,-76.29618,16.9500007629395,7.19999980926514,73.9000015258789,1484.5,18.5,368.399993896484
"281",1212,1.717443,-76.16571,15.4499998092651,8.10000038146973,72,2910.10009765625,18.8999996185303,756
"282",1213,5.823371,-74.323746,26.0499992370605,8.69999980926514,52.0999984741211,2700.60009765625,39.9000015258789,452.899993896484
"283",1215,3.433511,-76.61456,18.3500003814697,6.80000019073486,22,1685.69995117188,38.4000015258789,549.5
"284",1217,1.918132,-76.23471,16.9500007629395,7.19999980926514,72.5,1522.80004882812,20.2000007629395,372.700012207031
"285",1225,4.464604,-73.668884,17.3500003814697,7.19999980926514,40.2999992370605,4940.2998046875,50.5,924.299987792969
"286",1232,2.450637,-76.59434,18.4500007629395,7.40000009536743,18.8999996185303,2232.89990234375,45.0999984741211,245.300003051758
"287",1233,7.345525,-72.63415,11.5500001907349,7.30000019073486,34.4000015258789,1634.09997558594,39.4000015258789,443.600006103516
"288",1246,3.400719,-76.52967,22.25,7.40000009536743,24.7000007629395,1279.19995117188,44.7000007629395,352.600006103516
"289",1267,5.256927,-71.78316,26.3500003814697,7.5,112.400001525879,2831.80004882812,63.0999984741211,160.300003051758
"290",1268,6.513861,-76.25619,18.8500003814697,5.59999990463257,23,4323.7001953125,30.6000003814697,1101.90002441406
"291",1271,11.131578,-73.54959,22.6499996185303,4.69999980926514,55.2000007629395,3107.10009765625,57.0999984741211,830
"292",1273,5.994497,-74.97869,23.6499996185303,8.39999961853027,43.9000015258789,4511.2001953125,32.2999992370605,908.599975585938
"293",1277,2.484921,-76.579834,18.1499996185303,7.5,21.7999992370605,2260.30004882812,45.4000015258789,244.399993896484
"294",1290,2.498948,-72.723274,24.4500007629395,7.09999990463257,77.5,3446,42.7999992370605,416.600006103516
"295",1291,7.176859,-73.637328,26.3500003814697,6.69999980926514,30,2661.39990234375,40.4000015258789,570.200012207031
"296",1292,5.894908,-74.858887,25.9500007629395,8.69999980926514,56.7000007629395,3308.69995117188,36.5,626.5
"297",1299,2.36667,-76.26667,10.25,6.59999990463257,59.4000015258789,2573.39990234375,36,744.599975585938
"298",1302,4.6,-74.083328,13.9499998092651,8.30000019073486,18.3999996185303,918.099975585938,35.5999984741211,250.199996948242
"299",1303,4.18333,-74.533333,21.9500007629395,5.90000009536743,40.5999984741211,1989.69995117188,57.4000015258789,627
"300",1305,6.779875,-75.322729,16.4500007629395,8.30000019073486,35.7000007629395,3460.89990234375,42.5,1065.40002441406
"301",1307,3.595194,-76.452599,22.1499996185303,7,19.7999992370605,1194.80004882812,34.7000007629395,387.299987792969
"302",1309,5.931779,-74.813967,26.1499996185303,8.69999980926514,57.4000015258789,3147.19995117188,37.4000015258789,610.200012207031
"303",1311,4.664246,-74.118326,14.3500003814697,8.30000019073486,21.3999996185303,942.5,37.5999984741211,147.5
"304",1312,5.617403,-75.835696,16.4500007629395,8,22.2000007629395,2684.39990234375,26.5,620.599975585938
"305",1314,5.93418,-74.808437,25.3500003814697,8.80000019073486,54.7000007629395,3171.30004882812,37.4000015258789,619.900024414062
"306",1315,7.15295,-75.631445,25.9500007629395,7.19999980926514,19.2999992370605,3068.10009765625,45.9000015258789,990.700012207031
"307",1316,7.105798,-75.6599,24.6499996185303,7.40000009536743,21.7999992370605,3113.10009765625,45.5999984741211,1007
"308",1317,7.136828,-75.656139,26.1499996185303,7.30000019073486,20.6000003814697,3261.80004882812,45.9000015258789,1053.69995117188
"309",1321,7.159153,-75.623289,25.4500007629395,7.30000019073486,21,3137.89990234375,45.7999992370605,1013.59997558594
"310",1324,7.137278,-75.66431,26.0499992370605,7.30000019073486,20.2000007629395,3395.39990234375,45.9000015258789,1097.5
"311",1325,4.721108,-74.097633,14.4499998092651,8.60000038146973,16.2000007629395,950.400024414062,37.2999992370605,271.299987792969
"312",1326,4.908611,-73.941449,13.8500003814697,9.30000019073486,42,973.299987792969,33,166.600006103516
"313",1334,5.899856,-74.773793,26.1499996185303,8.89999961853027,57.4000015258789,2877.19995117188,38.7000007629395,542.200012207031
"314",1337,4.388472,-75.321972,20.8500003814697,7.59999990463257,32.2999992370605,2277.39990234375,28.6000003814697,476.200012207031
"315",1339,5.593435,-75.850114,18.9500007629395,7.80000019073486,21,2477,26,579.400024414062
"316",1340,4.149296,-73.627884,25.25,8.10000038146973,65.5999984741211,5386,45.2999992370605,552.400024414062
"317",1342,5.251649,-76.11056,13.25,5.30000019073486,18.5,5045.2001953125,14.3999996185303,1370.5
"318",1343,11.086176,-74.06495,18.3500003814697,4.69999980926514,41.9000015258789,2893.30004882812,62.7000007629395,961
"319",1345,4.520431,-75.28782,17.8500003814697,7.30000019073486,20.6000003814697,2348.69995117188,27.6000003814697,735.5
"320",1349,2.867785,-75.06779,17.8500003814697,7.5,28,2226.39990234375,45.7000007629395,675.099975585938
"321",1351,5.880916,-74.80854,26.25,8.80000019073486,57.4000015258789,2990.60009765625,38.2000007629395,555.599975585938
"322",1355,3.176431,-74.979004,24.1499996185303,8.39999961853027,55.4000015258789,1856.40002441406,51.4000015258789,456.899993896484
"323",1360,4.267648,-75.740776,18.3500003814697,7.69999980926514,17.1000003814697,2123.19995117188,31.5,615.700012207031
"324",1363,4.302115,-73.58159,22.1499996185303,7.69999980926514,58.5999984741211,5385.39990234375,47,535.700012207031
"325",1368,4.149889,-73.62802,25.3500003814697,8.10000038146973,65.0999984741211,5321.10009765625,45.0999984741211,550.299987792969
"326",1372,5.838713,-74.83047,26.25,8.89999961853027,62,2953.39990234375,38.2999992370605,531.400024414062
"327",1379,4.247445,-73.824715,20.25,7.30000019073486,35.5999984741211,3219.60009765625,38.9000015258789,741.799987792969
"328",1416,2.792665,-75.07308,18.25,7.30000019073486,32.9000015258789,2098.39990234375,41.7000007629395,638.200012207031
"329",1420,5.295968,-75.882904,18.75,7.09999990463257,18,2821,25.2999992370605,675.799987792969
"330",1441,1.1075,-76.61056,21.8500003814697,7.40000009536743,59.2000007629395,4628.2001953125,23.8999996185303,984.700012207031
"331",1450,1.600712,-76.97034,14.5500001907349,7.69999980926514,18.8999996185303,1934,51.5999984741211,567.099975585938
"332",1459,11.53449,-72.92833,27.3500003814697,5.19999980926514,73.1999969482422,831.200012207031,80.5999984741211,158.100006103516
"333",1471,5.753551,-74.83962,25.5499992370605,9,62.2000007629395,2949.80004882812,38.0999984741211,506.399993896484
"334",1473,4.441543,-75.42195,18.4500007629395,7.59999990463257,14.3999996185303,2109.80004882812,27.3999996185303,640.700012207031
"335",1487,3.142347,-74.95584,20.3500003814697,8.19999980926514,45.4000015258789,2130.80004882812,49.5,528.099975585938
"336",1491,7.068861,-73.07999,22.4500007629395,7.09999990463257,20.7000007629395,1537.5,34.7999992370605,487.299987792969
"337",1494,1.577084,-76.93443,13.5500001907349,7.59999990463257,22.8999996185303,1764,50.5,511.299987792969
"338",1515,3.56647,-76.58538,15.25,6.5,22.7999992370605,1575.90002441406,31.6000003814697,484.100006103516
"339",1516,6.079245,-73.82713,12.0500001907349,7.19999980926514,29,5307.10009765625,29.8999996185303,1681.09997558594
"340",1520,5.905337,-74.781016,26.4500007629395,8.80000019073486,60.2000007629395,2909.80004882812,38.4000015258789,552.5
"341",1521,1.6393,-75.5011,22.75,7.69999980926514,73,4331.2998046875,42.4000015258789,677.099975585938
"342",1523,3.855912,-71.445775,25.5499992370605,7.19999980926514,94.5999984741211,2581.39990234375,50.7000007629395,232
"343",1525,4.656629,-74.131242,14.4499998092651,8.30000019073486,23.2999992370605,945,37.4000015258789,147.899993896484
"344",1526,4.306261,-74.406746,19.9500007629395,6,20.2999992370605,1406.80004882812,48.5,431.899993896484
"345",1527,4.468755,-73.6674,17.0499992370605,7.19999980926514,41,5017.89990234375,50.5999984741211,937.700012207031
"346",1535,2.38094,-76.456314,13.6499996185303,7.09999990463257,20.2000007629395,2189.10009765625,46.4000015258789,619.299987792969
"347",1536,4.463674,-73.6638,16.4500007629395,7.19999980926514,43.4000015258789,4713.89990234375,50.5,882
"348",1537,4.266347,-75.73846,18.4500007629395,7.69999980926514,17,2148.10009765625,31.3999996185303,622.099975585938
"349",1539,7.643362,-72.799126,22.75,7.5,42.5,2321.5,41.2000007629395,529.700012207031
"350",1542,4.740373,-74.11908,14.4499998092651,8.5,20.6000003814697,999.099975585938,38.2999992370605,148.800003051758
"351",1544,6.698377,-73.45595,18.4500007629395,6.80000019073486,25.2999992370605,4285.2998046875,26.1000003814697,1276.80004882812
"352",1546,4.534911,-73.86907,14.0500001907349,7.69999980926514,37,2218.30004882812,44,436.200012207031
"353",1551,4.792904,-75.710754,19.5499992370605,6.80000019073486,15.5,3168.30004882812,31.7000007629395,988.200012207031
"354",1552,3.245609,-75.69799,17.5499992370605,7.80000019073486,26.6000003814697,3143,29.7999992370605,727.900024414062
"355",1555,6.203476,-75.57416,19.75,9.10000038146973,17.1000003814697,1878.59997558594,33.5,545.599975585938
"356",1556,6.045486,-75.377594,15.75,8.80000019073486,24.7000007629395,2731.5,32.7999992370605,865.400024414062
"357",1557,4.531205,-75.69363,20.25,7.30000019073486,18.2999992370605,2532.10009765625,33.7999992370605,700.700012207031
"358",1562,4.29102,-75.854675,18.4500007629395,7.19999980926514,15,2978.89990234375,32.5999984741211,947.400024414062
"359",1566,1.173395,-77.43752,15.25,7.40000009536743,15,1159.90002441406,41.2000007629395,368.899993896484
"360",1567,4.888924,-73.27375,17.25,7.5,60.0999984741211,4297.7998046875,53.7999992370605,754
"361",1570,2.321409,-76.28609,11.0500001907349,6.5,57.2999992370605,2455,35.7999992370605,701.599975585938
"362",1571,5.060481,-75.49579,15.9499998092651,8.19999980926514,24.1000003814697,2727.60009765625,37.5,878.099975585938
"363",1574,1.529192,-75.521164,25.0499992370605,7.80000019073486,84.3000030517578,3727.10009765625,41.9000015258789,600.900024414062
"364",1579,1.581851,-75.527245,25.3500003814697,7.69999980926514,82.3000030517578,3944.30004882812,41.5999984741211,636.900024414062
"365",1584,5.542841,-73.32054,11.4499998092651,8.69999980926514,46.0999984741211,1323.5,35.2000007629395,427.5
"366",1587,2.461148,-76.583,18.25,7.40000009536743,21.7999992370605,2251.69995117188,45.7999992370605,241.5
"367",1591,3.543709,-76.59623,15.0500001907349,6.59999990463257,21.2000007629395,1540.80004882812,32.2000007629395,477.299987792969
"368",1597,6.828927,-73.460304,22.6499996185303,6.59999990463257,22.8999996185303,3630.69995117188,28.2000007629395,1080.69995117188
"369",1609,4.677865,-74.15109,14.4499998092651,8.19999980926514,32.9000015258789,1013.59997558594,37.5,152.600006103516
"370",1617,5.625379,-75.8576,18.8500003814697,7.90000009536743,20.6000003814697,2504.10009765625,26.2000007629395,578.5
"371",1619,6.300944,-74.68707,26.3500003814697,8.5,59.2000007629395,3472,37.5999984741211,936.099975585938
"372",1622,4.027931,-75.571465,14.8500003814697,7.80000019073486,31.6000003814697,2784.30004882812,27.3999996185303,657.099975585938
"373",1630,7.758805,-76.6578,26.0499992370605,6.09999990463257,31.5,3228.30004882812,35.9000015258789,499.399993896484
"374",1634,4.57935,-75.65428,19.1499996185303,7.19999980926514,14.8999996185303,2783.19995117188,32.2999992370605,777.799987792969
"375",1637,6.02231,-75.7088,16.8500003814697,9.10000038146973,23.3999996185303,2866.89990234375,33.9000015258789,584.799987792969
"376",1638,2.951147,-75.57358,21.3500003814697,8.10000038146973,33.9000015258789,2120.69995117188,48.5999984741211,406.299987792969
"377",1641,4.959965,-75.5073,15.75,7.80000019073486,22.5,2757.19995117188,41.5,899.799987792969
"378",1643,4.289758,-73.575645,23.9500007629395,7.80000019073486,64.3000030517578,5053.7001953125,46.7000007629395,505.100006103516
"379",1663,4.472798,-74.26815,13.9499998092651,7.40000009536743,53.4000015258789,1710.09997558594,29,377
"380",1667,5.618442,-75.78607,14.3500003814697,8.39999961853027,21.1000003814697,3053.19995117188,27.5,697.200012207031
"381",1668,5.80666,-76.18155,18.75,5.09999990463257,24.1000003814697,6208.2001953125,19,1657.19995117188
"382",1785,1.21895,-77.281842,14.0500001907349,7.59999990463257,21.1000003814697,1655.5,34.5,532.799987792969
"383",1786,1.220278,-77.286111,14.0500001907349,7.5,20.8999996185303,1741.40002441406,34.9000015258789,561
"384",1787,6.250271,-75.0157,21.9500007629395,7.80000019073486,36.7000007629395,4226.2001953125,33.7000007629395,1142.09997558594
"385",1788,4.733284,-74.111383,14.4499998092651,8.5,20.5,983.599975585938,38,148.699996948242
"386",5792,6.979498,-75.296602,18.4500007629395,7.69999980926514,32.7000007629395,4147.7001953125,43,1423.09997558594
"387",5794,4.510045,-73.90335,18.1499996185303,7.69999980926514,28.1000003814697,2015.40002441406,42,407.5
"388",5795,5.900189,-74.84848,25.8500003814697,8.69999980926514,55.9000015258789,3255.19995117188,37,619.099975585938
"389",5796,5.8334,-74.8667,26.25,8.80000019073486,61.2999992370605,3028,37.5,546.299987792969
"390",5809,5.909401,-74.845977,25.9500007629395,8.69999980926514,56.2000007629395,3280.10009765625,36.7999992370605,628.200012207031
"391",5810,5.921703,-74.850197,26.1499996185303,8.69999980926514,55.9000015258789,3349.5,36.4000015258789,646.700012207031
"392",5826,4.290056,-73.55661,25.0499992370605,7.80000019073486,72.0999984741211,4588.60009765625,47.2000007629395,451.600006103516
"393",5829,5.932941,-74.81777,26.0499992370605,8.69999980926514,54.9000015258789,3190.60009765625,37.2000007629395,618.799987792969
"394",5832,4.967725,-75.50556,15.0500001907349,7.80000019073486,24.7000007629395,2776.39990234375,41.5,906.799987792969
"395",5837,3.406143,-76.55071,22.25,7.30000019073486,24,1348.30004882812,44.5,374.600006103516
"396",5838,4.339445,-74.5,17.6499996185303,5.30000019073486,33.7999992370605,2281.30004882812,57.7000007629395,757.099975585938
"397",5839,4.6295,-74.066956,14.1499996185303,8.39999961853027,19.3999996185303,923.299987792969,35.5,252.399993896484
"398",5840,5.785404,-73.15131,13.5500001907349,9.80000019073486,25,1294.40002441406,38.7000007629395,263
"399",5845,4.953031,-75.50651,16.6499996185303,7.69999980926514,23.8999996185303,2731.89990234375,41.4000015258789,890.400024414062
"400",5857,4.591502,-74.34079,18.3500003814697,6.69999980926514,42.7000007629395,1496.09997558594,31.7000007629395,248
"401",5867,6.126237,-75.41989,16.25,8.80000019073486,20.8999996185303,2449.60009765625,33.5,722.900024414062
"402",5869,11.096748,-74.069664,16.25,4.5,40.2999992370605,2918,63.0999984741211,815.5
"403",5876,5.63154,-75.546,21.5499992370605,9.19999980926514,17.7000007629395,2352.69995117188,28.5,539.400024414062
"404",5880,5.038124,-75.46862,16.1499996185303,8.10000038146973,25.3999996185303,2574.19995117188,40.5,839.299987792969
"405",5882,11.1422,-74.10366,22.3500003814697,3.59999990463257,43.5999984741211,2445.5,64.3000030517578,848.5
"406",5884,5.320466,-75.60251,21.5499992370605,8.69999980926514,21.2999992370605,2440.39990234375,26.2000007629395,574.700012207031
"407",5892,4.186619,-74.49982,23.4500007629395,5.90000009536743,37.7999992370605,1489.5,59.9000015258789,473.200012207031
"408",5894,2.389171,-75.83771,17.6499996185303,7.80000019073486,56.9000015258789,1558.19995117188,34.5999984741211,501.700012207031
"409",5897,11.113041,-73.53056,19.1499996185303,4.90000009536743,57.5999984741211,3434.30004882812,57.5,920.400024414062
"410",5904,4.47474,-73.65296,15.4499998092651,7.19999980926514,43.7000007629395,4632.2998046875,50.7000007629395,866
"411",5915,2.93964,-75.56482,21.1499996185303,8.10000038146973,36.7000007629395,2172.89990234375,50,412.399993896484
"412",5927,1.273819,-76.571625,23.75,7.30000019073486,61.0999984741211,3232.19995117188,20.2000007629395,701.799987792969
"413",5935,4.83473,-75.378365,4.94999980926514,7.59999990463257,32.7999992370605,4027,27.8999996185303,1235.40002441406
"414",5944,5.122063,-75.94239,18.9500007629395,6.40000009536743,16.2000007629395,3209.39990234375,23.7999992370605,950.400024414062
"415",5958,6.5525,-74.62783,25.9500007629395,8.60000038146973,56.7999992370605,2986.39990234375,40.2999992370605,818.099975585938
"416",5965,4.816226,-75.692215,19.4500007629395,6.80000019073486,17.3999996185303,3312.5,31.3999996185303,1029
"417",5968,7.35162,-72.65125,13.1499996185303,7.30000019073486,30.7000007629395,1624.09997558594,39.7000007629395,441.100006103516
"418",5979,5.933745,-74.86705,23.9500007629395,8.60000038146973,48.7000007629395,3637.60009765625,35.4000015258789,713.099975585938
"419",5984,4.085271,-73.74515,22.75,8,46.5999984741211,4578.89990234375,42.5,1023.09997558594
"420",5993,4.334261,-75.70387,18.5499992370605,7.59999990463257,19.7000007629395,2211.19995117188,33.5999984741211,364.399993896484
"421",5999,1.700516,-73.76481,24.75,7.09999990463257,81.9000015258789,2554.89990234375,44.2000007629395,335.299987792969
"422",6000,6.105656,-75.38722,16.3500003814697,8.69999980926514,24,2542.60009765625,33.0999984741211,651.5
"423",6034,1.621176,-75.607735,25.1499996185303,7.59999990463257,74.4000015258789,4139,38.5999984741211,700.5
"424",6039,7.721318,-72.567314,24.3500003814697,8.60000038146973,69.8000030517578,1898.19995117188,40.7999992370605,452.200012207031
"425",6062,1.700842,-76.63518,14.3500003814697,7.40000009536743,60.7000007629395,2042.59997558594,19.2000007629395,566.5
"426",6067,1.756481,-76.18137,17.9500007629395,8.10000038146973,72.8000030517578,2369.60009765625,17.5,507.600006103516
"427",6072,3.962328,-77.29801,25.6499996185303,2.70000004768372,26.5,6553.5,25.1000003814697,2026.30004882812
"428",6089,4.570868,-74.297333,14.9499998092651,7.19999980926514,55.5,1543.69995117188,29.2000007629395,280.799987792969
"429",6092,6.617287,-73.56705,24.3500003814697,6.59999990463257,31.7000007629395,4265.7998046875,27.3999996185303,1065.19995117188
"430",6104,4.828206,-75.376364,4.15000009536743,7.59999990463257,31.8999996185303,4073.39990234375,27.6000003814697,1246.09997558594
"431",6105,3.4405,-76.67444,13.0500001907349,6.30000019073486,23,2354.5,30.6000003814697,729.900024414062
"432",6107,2.148501,-76.40449,11.4499998092651,6.69999980926514,57.2999992370605,1848.80004882812,39,514.5
"433",6110,1.12,-77.9,15.1499996185303,5.59999990463257,20.6000003814697,3996.10009765625,25.3999996185303,1169
"434",6112,6.043529,-74.982025,22.5499992370605,8.30000019073486,40.5,4968.7998046875,31.7999992370605,1062.80004882812
"435",6120,1.157912,-77.97662,17.0499992370605,4.80000019073486,19.8999996185303,6241.10009765625,20.6000003814697,1955.90002441406
"436",6133,5.803334,-73.97021,18.0499992370605,7.69999980926514,29.7000007629395,3286.69995117188,35.9000015258789,1064.40002441406
"437",6137,3.583328,-76.49594,21.6499996185303,7,20.7000007629395,1249.19995117188,35.2000007629395,403.799987792969
"438",6139,3.372424,-76.51752,22.25,7.5,25.5,1333.30004882812,45.7000007629395,363.5
"439",6140,4.674768,-75.658134,17.1499996185303,7,15.3000001907349,3207,33.2999992370605,978.599975585938
"440",6141,6.050124,-74.26246,26.75,8.60000038146973,46.2000007629395,2564.80004882812,38.7999992370605,528.900024414062
"441",6153,6.251833,-75.60827,19.9500007629395,9.19999980926514,19.2999992370605,2091.60009765625,33.5,608.700012207031
"442",6164,5.050095,-75.727936,22.1499996185303,7,21,2547.60009765625,26.5,778.700012207031
"443",6165,4.637669,-75.48847,14.6499996185303,7.19999980926514,21.7000007629395,3104.5,27.2999992370605,910.5
"444",6177,4.470299,-73.66372,16.8500003814697,7.19999980926514,41,4778.7001953125,50.7000007629395,893.099975585938
"445",6178,4.341357,-75.542435,12.9499998092651,7.90000009536743,34.7000007629395,2944.10009765625,28.3999996185303,561.099975585938
"446",6182,3.513614,-76.4745,22.1499996185303,7.30000019073486,20.8999996185303,1220.5,38.5999984741211,345
"447",6184,4.456189,-75.22792,21.6499996185303,7.30000019073486,28.1000003814697,1996.19995117188,31,530.099975585938
"448",6189,1.432751,-76.449455,20.9500007629395,7.69999980926514,73,4828.2001953125,23.8999996185303,921.700012207031
"449",6194,3.361346,-73.96159,24.5499992370605,8.10000038146973,78.5999984741211,2885.5,44.7000007629395,345.799987792969
"450",6203,4.866373,-72.99458,21.25,7.5,82.8000030517578,4465.2001953125,63,268.5
"451",6205,4.450549,-75.24859,21.3500003814697,7.40000009536743,27.2000007629395,2030,30.2999992370605,450
"452",6223,5.007755,-75.03381,21.4500007629395,8.80000019073486,30.1000003814697,2471.69995117188,35,458.299987792969
"453",6238,5.914574,-74.85252,26.4500007629395,8.69999980926514,57.7999992370605,3301.5,36.5,633
"454",6274,4.202421,-74.55526,20.0499992370605,5.80000019073486,41.7000007629395,2296.80004882812,54.9000015258789,722
"455",6306,4.741488,-76.296005,14.3500003814697,4.80000019073486,21.3999996185303,4202.7001953125,14.6000003814697,1205.5
"456",6314,4.18298,-73.65183,23.3500003814697,8,54.2999992370605,5327.39990234375,43.9000015258789,581.700012207031
"457",6319,2.462915,-72.754326,24.4500007629395,7,78.1999969482422,3058.89990234375,43.2999992370605,368.399993896484
"458",6322,4.888079,-75.25216,8.25,8.10000038146973,25.6000003814697,3249.39990234375,28.2000007629395,1039.19995117188
"459",6339,1.680398,-75.44879,24.1499996185303,7.59999990463257,79,4004.60009765625,42.7000007629395,608.700012207031
"460",6343,2.358181,-76.35925,9.35000038146973,6.69999980926514,44.7999992370605,2602,41.0999984741211,746.799987792969
"461",6345,5.8606,-74.862144,26.25,8.80000019073486,59.2000007629395,3126.10009765625,37.0999984741211,575.400024414062
"462",6373,5.535441,-73.3594,12.25,8.89999961853027,44.2999992370605,1403.59997558594,35.0999984741211,455.200012207031
"463",6374,11.263728,-74.07268,24.5499992370605,2.90000009536743,66.0999984741211,1539.40002441406,66.8000030517578,484.399993896484
"464",6375,1.632833,-76.110026,15.25,8.19999980926514,63.7000007629395,4419.7001953125,21.8999996185303,1156.09997558594
"465",6376,5.389161,-75.145464,17.25,9.19999980926514,35.5999984741211,3809.69995117188,27.7000007629395,737.299987792969
"466",6378,5.6333,-75.6833,22.1499996185303,8.89999961853027,21,2629.60009765625,28.7999992370605,596.799987792969
"467",6380,4.6333,-74.4666,21.5499992370605,5.5,14.1000003814697,1785.90002441406,43.2000007629395,550.5
"468",6381,4.5166,-74.45,20.25,5.5,16.6000003814697,1912.40002441406,45.4000015258789,595.900024414062
"469",6382,3.38,-74.04,24.4500007629395,7.90000009536743,72.1999969482422,2745.5,43.2999992370605,342.700012207031
"470",6383,2.562833,-72.5666,25.1499996185303,7.09999990463257,80.6999969482422,2891.10009765625,42.5,351.899993896484
"471",6384,2.519006,-76.914948,15.5500001907349,6.69999980926514,16.8999996185303,3591,37,983
"472",6385,2.25,-76.3333,8.94999980926514,6.5,64.8000030517578,2441.89990234375,39.2000007629395,692.599975585938
"473",6387,11.0558,-73.3548,18.1499996185303,6.19999980926514,69.3000030517578,2809.10009765625,61.4000015258789,658.099975585938
"474",6388,-0.59937,-72.398646,24.3500003814697,6.69999980926514,56.2000007629395,3402.30004882812,22.3999996185303,702
"475",6389,7.5,-74.8666,26.25,7.5,38.7999992370605,3605.10009765625,44.2000007629395,556.900024414062
"476",6390,7.257222,-75.759444,16.4500007629395,6.80000019073486,25.2999992370605,4232.89990234375,46.9000015258789,1364.30004882812
"477",6391,6.8564,-75.8689,23.25,7.90000009536743,19.1000003814697,2328.10009765625,39.5,764.799987792969
"478",6392,6.77417,-74.51783,25.6499996185303,8.60000038146973,52,2831.89990234375,43.2999992370605,852.400024414062
"479",6393,6.295622,-75.228251,17.1499996185303,8.30000019073486,31.2000007629395,3451.89990234375,33.7999992370605,902.299987792969
"480",6394,6.20684,-75.542166,17.3500003814697,9,18.8999996185303,1941.5,34.2000007629395,566.5
"481",6395,5.83383,-74.86769,26.0499992370605,8.80000019073486,61.2999992370605,3049.69995117188,37.2000007629395,550.299987792969
"482",6399,5.940098,-74.826374,25.9500007629395,8.69999980926514,54,3257.5,36.7999992370605,637.099975585938
"483",6401,5.873916,-74.642511,27.9500007629395,9.39999961853027,77.1999969482422,2213.5,39.5,405.5
"484",6402,6.235658,-75.575183,20.0499992370605,9.10000038146973,17.5,1826.80004882812,33.5999984741211,530
"485",6410,5.886829,-74.8638,25.8500003814697,8.69999980926514,56.2000007629395,3276,36.7000007629395,616.099975585938
"486",6424,4.653022,-74.029434,11.25,8.69999980926514,34,1107.30004882812,32,288.5
"487",6427,6.527834,-73.5958,23.8500003814697,6.59999990463257,31,4117.60009765625,28.2999992370605,1029.59997558594
"488",6435,3.408498,-76.64959,12.8500003814697,6.59999990463257,22.8999996185303,2060,34.7999992370605,657.700012207031
"489",6442,3.366744,-74.029655,24.5499992370605,8,74.6999969482422,2681,43.7000007629395,331.299987792969
"490",6458,1.554622,-75.50061,24.5499992370605,7.80000019073486,81.5999984741211,3924.30004882812,42.5999984741211,625.400024414062
"491",6459,6.482223,-73.03054,18.4500007629395,9.5,26,1967.80004882812,34.9000015258789,479.600006103516
"492",6460,5.336575,-74.732666,27.6499996185303,10.1999998092651,64.5999984741211,1946.19995117188,33.7000007629395,378.5
"493",6462,2.332405,-77.35418,10.75,5.69999980926514,22.3999996185303,5688.39990234375,24.5,1561.69995117188
"494",6464,4.725251,-75.57052,17.0499992370605,7,20.1000003814697,3127.10009765625,32.5,954.299987792969
"495",6476,3.439266,-76.54756,21.8500003814697,7.19999980926514,23.2000007629395,1305.59997558594,43.2999992370605,365
"496",6489,4.434691,-75.212448,22.1499996185303,7.40000009536743,30.3999996185303,2051.10009765625,31.8999996185303,551.299987792969
"497",6490,3.508923,-76.621785,15.75,6.5,22.7999992370605,1589.09997558594,33,499.200012207031
"498",6491,1.634647,-76.122757,14.5500001907349,8.19999980926514,65.1999969482422,4302.2001953125,21.6000003814697,1122
"499",6494,3.395372,-76.53086,22.25,7.5,24.7000007629395,1293.40002441406,45.0999984741211,355.5
"500",6511,5.365944,-75.54039,18.0499992370605,8.89999961853027,20.5,3039.69995117188,27.1000003814697,716.599975585938
"501",6518,6.5475,-74.64922,24.8500003814697,8.60000038146973,53.2999992370605,3153.19995117188,40.2000007629395,868.900024414062
"502",6531,3.56039,-76.56641,16.8500003814697,6.69999980926514,21,1566,33.4000015258789,442.899993896484
"503",6568,4.27357,-73.5874,23.8500003814697,7.80000019073486,64.3000030517578,4895.10009765625,46.4000015258789,494.5
"504",6569,3.43027,-73.9686,23.8500003814697,8.10000038146973,68.0999984741211,3682.30004882812,44.2000007629395,442.299987792969
"505",6572,6.2167,-71.1667,26.3500003814697,7,96.9000015258789,2106.89990234375,60.7999992370605,116.300003051758
"506",6573,6.623686,-74.585495,26.6499996185303,8.69999980926514,58.9000015258789,2649.69995117188,41.0999984741211,735.900024414062
"507",6574,3.800889,-76.641271,20.0499992370605,5.19999980926514,22.5,3103.39990234375,23.3999996185303,827.5
"508",6575,3.779,-76.539,19.0499992370605,6,19.7999992370605,2344.89990234375,24.2999992370605,667.700012207031
"509",6578,4.394647,-75.290955,21.8500003814697,7.5,32.7000007629395,2175.5,29.5,453.700012207031
"510",6588,5.073223,-75.43787,13.8500003814697,8.39999961853027,22.2999992370605,2726,36.7999992370605,875.400024414062
"511",6611,4.07,-74.7,24.4500007629395,7,35.2000007629395,2564.80004882812,42.5999984741211,581
"512",6613,6.31759,-75.550037,19.75,8.89999961853027,18,1937.40002441406,34.7000007629395,561.299987792969
"513",6614,6.058875,-75.506047,16.0499992370605,9,21.3999996185303,2752.5,33,814.5
"514",6615,6.276993,-75.596803,19.3500003814697,9.10000038146973,19.5,2099.69995117188,33.9000015258789,612.5
"515",6616,2.54892,-76.065824,17.0499992370605,7.09999990463257,44.0999984741211,1867.5,33.2000007629395,577.900024414062
